,lsoa11cd,Indicative number,population,new population
0,E01007421,681.6,1330,2012.0
1,E01007826,2.4,1526,1528.0
2,E01007827,2.4,1504,1506.0
3,E01007828,19.2,1710,1729.0
4,E01007829,607.1999999999999,1562,2169.0
5,E01007830,283.2,1547,1830.0
6,E01007831,67.2,1523,1590.0
7,E01007832,439.2,1543,1982.0
8,E01007834,376.8,1654,2031.0
9,E01007838,4.8,1507,1512.0
10,E01007842,43.199999999999996,1575,1618.0
11,E01007847,50.4,1297,1347.0
12,E01007848,33.6,1717,1751.0
13,E01007849,19.2,2113,2132.0
14,E01007850,103.2,1562,1665.0
15,E01007852,168.0,1482,1650.0
16,E01007854,168.0,1735,1903.0
17,E01007858,67.2,1443,1510.0
18,E01007859,278.4,1638,1916.0
19,E01007860,33.6,1553,1587.0
20,E01007861,7.199999999999999,1525,1532.0
21,E01007862,132.0,4183,4315.0
22,E01007864,24.0,1882,1906.0
23,E01007866,456.0,1727,2183.0
24,E01007867,398.4,2010,2408.0
25,E01007868,511.2,1179,1690.0
26,E01007869,48.0,1714,1762.0
27,E01007870,756.0,1843,2599.0
28,E01007871,24.0,1783,1807.0
29,E01007872,228.0,1753,1981.0
30,E01007873,9969.6,1760,11730.0
31,E01007875,511.2,1838,2349.0
32,E01007877,355.2,1446,1801.0
33,E01007878,271.2,1716,1987.0
34,E01007879,100.8,1646,1747.0
35,E01007881,345.59999999999997,1609,1955.0
36,E01007882,4.8,1637,1642.0
37,E01007883,1864.8,1322,3187.0
38,E01007885,1780.8,1557,3338.0
39,E01007886,28.799999999999997,1623,1652.0
40,E01007889,1672.8,2677,4350.0
41,E01007890,36.0,1442,1478.0
42,E01007894,208.79999999999998,1458,1667.0
43,E01007895,482.4,1456,1938.0
44,E01007899,21.599999999999998,1463,1485.0
45,E01007900,12.0,1694,1706.0
46,E01007902,24.0,1752,1776.0
47,E01007903,278.4,1588,1866.0
48,E01007904,309.59999999999997,1701,2011.0
49,E01007905,259.2,1770,2029.0
50,E01007906,9.6,2081,2091.0
51,E01007907,556.8,1656,2213.0
52,E01007908,100.8,1492,1593.0
53,E01007909,1065.6,2047,3113.0
54,E01007911,1288.8,1397,2686.0
55,E01007913,28.799999999999997,1481,1510.0
56,E01007914,2.4,1559,1561.0
57,E01007916,2.4,1529,1531.0
58,E01007920,4.8,1638,1643.0
59,E01007921,2.4,1571,1573.0
60,E01007925,105.6,1630,1736.0
61,E01007926,1224.0,1714,2938.0
62,E01007927,252.0,1672,1924.0
63,E01007928,321.59999999999997,1751,2073.0
64,E01007929,172.79999999999998,1628,1801.0
65,E01007930,7.199999999999999,1476,1483.0
66,E01007932,7.199999999999999,1415,1422.0
67,E01007933,381.59999999999997,1663,2045.0
68,E01007936,16.8,1590,1607.0
69,E01007937,2.4,1395,1397.0
70,E01007939,12.0,1534,1546.0
71,E01007944,2.4,2058,2060.0
72,E01007954,2.4,1650,1652.0
73,E01007956,19.2,2197,2216.0
74,E01007958,146.4,1465,1611.0
75,E01007959,7.199999999999999,1491,1498.0
76,E01007961,3883.2,1508,5391.0
77,E01007963,33.6,1443,1477.0
78,E01007964,1946.3999999999999,1529,3475.0
79,E01007965,14.399999999999999,1906,1920.0
80,E01007968,50.4,1467,1517.0
81,E01007970,9.6,1577,1587.0
82,E01007971,28.799999999999997,1434,1463.0
83,E01007974,48.0,1468,1516.0
84,E01007975,132.0,1636,1768.0
85,E01007976,62.4,1485,1547.0
86,E01007978,7.199999999999999,1664,1671.0
87,E01007982,208.79999999999998,1821,2030.0
88,E01007983,405.59999999999997,1483,1889.0
89,E01007988,2.4,1520,1522.0
90,E01007989,14.399999999999999,1419,1433.0
91,E01007991,38.4,1503,1541.0
92,E01007992,26.4,1624,1650.0
93,E01007995,1392.0,1472,2864.0
94,E01007998,326.4,1592,1918.0
95,E01008000,724.8,1503,2228.0
96,E01008001,45.6,1535,1581.0
97,E01008008,4.8,1648,1653.0
98,E01008011,216.0,1633,1849.0
99,E01008012,441.59999999999997,2144,2586.0
100,E01008013,213.6,1168,1382.0
101,E01008014,110.39999999999999,1579,1689.0
102,E01008018,1300.8,1287,2588.0
103,E01008019,64.8,1866,1931.0
104,E01008021,4.8,1472,1477.0
105,E01008024,24.0,1786,1810.0
106,E01008025,2.4,2021,2023.0
107,E01008028,2.4,1547,1549.0
108,E01008031,67.2,1436,1503.0
109,E01008034,19.2,1745,1764.0
110,E01008041,0.0,1519,1519.0
111,E01008042,561.6,1634,2196.0
112,E01008043,122.39999999999999,1730,1852.0
113,E01008044,36.0,1615,1651.0
114,E01008046,12.0,1659,1671.0
115,E01008047,9475.199999999999,1509,10984.0
116,E01008048,1197.6,1534,2732.0
117,E01008049,28.799999999999997,1589,1618.0
118,E01008050,820.8,1411,2232.0
119,E01008051,2.4,1762,1764.0
120,E01008052,127.19999999999999,1794,1921.0
121,E01008053,40.8,1245,1286.0
122,E01008058,408.0,1465,1873.0
123,E01008061,19.2,1596,1615.0
124,E01008064,2479.2,1687,4166.0
125,E01008065,554.4,1922,2476.0
126,E01008066,24.0,1598,1622.0
127,E01008067,88.8,1684,1773.0
128,E01008068,448.8,2860,3309.0
129,E01008072,441.59999999999997,1590,2032.0
130,E01008073,76.8,1702,1779.0
131,E01008074,588.0,1460,2048.0
132,E01008075,72.0,1441,1513.0
133,E01008078,194.4,1335,1529.0
134,E01008080,16.8,1483,1500.0
135,E01008083,108.0,1514,1622.0
136,E01008085,4.8,1368,1373.0
137,E01008087,19.2,1555,1574.0
138,E01008088,86.39999999999999,1429,1515.0
139,E01008089,381.59999999999997,1679,2061.0
140,E01008090,21.599999999999998,1624,1646.0
141,E01008091,945.5999999999999,1464,2410.0
142,E01008093,1036.8,1455,2492.0
143,E01008094,100.8,1115,1216.0
144,E01008095,242.39999999999998,1589,1831.0
145,E01008096,40.8,2176,2217.0
146,E01008097,290.4,1621,1911.0
147,E01008098,163.2,1590,1753.0
148,E01008100,273.59999999999997,1265,1539.0
149,E01008103,307.2,1410,1717.0
150,E01008104,3264.0,1587,4851.0
151,E01008105,792.0,3329,4121.0
152,E01008108,1303.2,1981,3284.0
153,E01008109,9.6,2035,2045.0
154,E01008111,288.0,1688,1976.0
155,E01008112,146.4,1750,1896.0
156,E01008114,2762.4,2615,5377.0
157,E01008115,506.4,1817,2323.0
158,E01008116,148.79999999999998,1327,1476.0
159,E01008118,237.6,1397,1635.0
160,E01008119,81.6,1279,1361.0
161,E01008122,14.399999999999999,1350,1364.0
162,E01008123,115.19999999999999,1313,1428.0
163,E01008126,2.4,1552,1554.0
164,E01008128,120.0,1714,1834.0
165,E01008129,333.59999999999997,1409,1743.0
166,E01008130,2.4,1494,1496.0
167,E01008131,57.599999999999994,1576,1634.0
168,E01008132,100.8,1416,1517.0
169,E01008133,2.4,1530,1532.0
170,E01008134,2.4,1331,1333.0
171,E01008135,144.0,1770,1914.0
172,E01008136,319.2,1355,1674.0
173,E01008137,624.0,1441,2065.0
174,E01008139,12.0,1582,1594.0
175,E01008141,2.4,1591,1593.0
176,E01008143,120.0,1620,1740.0
177,E01008144,453.59999999999997,1666,2120.0
178,E01008145,60.0,1472,1532.0
179,E01008147,1029.6,1426,2456.0
180,E01008148,21.599999999999998,1509,1531.0
181,E01008149,444.0,1496,1940.0
182,E01008150,220.79999999999998,1454,1675.0
183,E01008151,16.8,1539,1556.0
184,E01008152,235.2,1426,1661.0
185,E01008153,14.399999999999999,1653,1667.0
186,E01008154,158.4,1628,1786.0
187,E01008156,916.8,1449,2366.0
188,E01008157,52.8,1557,1610.0
189,E01008158,720.0,1535,2255.0
190,E01008159,16.8,1527,1544.0
191,E01008161,249.6,1668,1918.0
192,E01033261,885.6,1767,2653.0
193,E01033262,6043.2,1749,7792.0
194,E01033263,4185.599999999999,1330,5516.0
195,E01033264,3715.2,1487,5202.0
196,E01033265,2565.6,1304,3870.0
197,E01033266,168.0,1611,1779.0
198,E01033267,33.6,1387,1421.0
199,E01033268,2352.0,2373,4725.0
200,E01033269,412.8,1919,2332.0
201,E01033270,4077.6,1484,5562.0
202,E01033271,1742.3999999999999,1403,3145.0
203,E01033272,4377.599999999999,1159,5537.0
204,E01033273,14.399999999999999,2422,2436.0
205,E01033274,5224.8,2410,7635.0
206,E01033275,2.4,1611,1613.0
207,E01033276,2335.2,2923,5258.0
208,E01033277,460.79999999999995,2334,2795.0
209,E01033278,520.8,2431,2952.0
210,E01033279,652.8,2378,3031.0
211,E01033280,297.59999999999997,1637,1935.0
212,E01007317,0.0,1493,1493.0
213,E01007318,0.0,1544,1544.0
214,E01007319,0.0,1465,1465.0
215,E01007320,0.0,1596,1596.0
216,E01007321,0.0,1433,1433.0
217,E01007322,0.0,2082,2082.0
218,E01007323,0.0,1483,1483.0
219,E01007324,0.0,1667,1667.0
220,E01007325,0.0,1714,1714.0
221,E01007326,0.0,1526,1526.0
222,E01007327,0.0,1676,1676.0
223,E01007328,0.0,1922,1922.0
224,E01007329,0.0,1594,1594.0
225,E01007330,0.0,1708,1708.0
226,E01007331,0.0,1853,1853.0
227,E01007332,0.0,2306,2306.0
228,E01007333,0.0,1331,1331.0
229,E01007334,0.0,1356,1356.0
230,E01007335,0.0,1506,1506.0
231,E01007336,0.0,1557,1557.0
232,E01007337,0.0,1775,1775.0
233,E01007338,0.0,1533,1533.0
234,E01007339,0.0,1490,1490.0
235,E01007340,0.0,1636,1636.0
236,E01007341,0.0,1264,1264.0
237,E01007342,0.0,1398,1398.0
238,E01007343,0.0,1346,1346.0
239,E01007344,0.0,2135,2135.0
240,E01007345,0.0,1620,1620.0
241,E01007346,0.0,1620,1620.0
242,E01007347,0.0,1594,1594.0
243,E01007348,0.0,1444,1444.0
244,E01007349,0.0,1533,1533.0
245,E01007350,0.0,1185,1185.0
246,E01007351,0.0,1426,1426.0
247,E01007352,0.0,1412,1412.0
248,E01007353,0.0,1605,1605.0
249,E01007354,0.0,1681,1681.0
250,E01007355,0.0,1537,1537.0
251,E01007356,0.0,1381,1381.0
252,E01007357,0.0,1397,1397.0
253,E01007358,0.0,1497,1497.0
254,E01007359,0.0,1509,1509.0
255,E01007360,0.0,1546,1546.0
256,E01007361,0.0,1656,1656.0
257,E01007362,0.0,1633,1633.0
258,E01007363,0.0,1575,1575.0
259,E01007364,0.0,1390,1390.0
260,E01007365,0.0,1212,1212.0
261,E01007366,0.0,2005,2005.0
262,E01007367,0.0,1178,1178.0
263,E01007368,0.0,1675,1675.0
264,E01007369,0.0,1490,1490.0
265,E01007370,0.0,1389,1389.0
266,E01007371,0.0,1954,1954.0
267,E01007372,0.0,1287,1287.0
268,E01007373,0.0,1594,1594.0
269,E01007374,0.0,1470,1470.0
270,E01007375,0.0,1659,1659.0
271,E01007376,0.0,1407,1407.0
272,E01007377,0.0,1105,1105.0
273,E01007378,0.0,1572,1572.0
274,E01007379,0.0,1591,1591.0
275,E01007380,0.0,1810,1810.0
276,E01007381,0.0,1547,1547.0
277,E01007382,0.0,1483,1483.0
278,E01007383,0.0,1370,1370.0
279,E01007384,0.0,1614,1614.0
280,E01007385,0.0,1433,1433.0
281,E01007386,0.0,1714,1714.0
282,E01007387,0.0,1452,1452.0
283,E01007388,0.0,1615,1615.0
284,E01007389,0.0,1396,1396.0
285,E01007390,0.0,1527,1527.0
286,E01007391,0.0,1468,1468.0
287,E01007392,0.0,1538,1538.0
288,E01007393,0.0,1837,1837.0
289,E01007394,0.0,1384,1384.0
290,E01007395,0.0,2016,2016.0
291,E01007396,0.0,1580,1580.0
292,E01007397,0.0,1456,1456.0
293,E01007398,0.0,1632,1632.0
294,E01007399,0.0,2057,2057.0
295,E01007400,0.0,2017,2017.0
296,E01007402,0.0,1660,1660.0
297,E01007403,0.0,1536,1536.0
298,E01007404,0.0,1287,1287.0
299,E01007405,0.0,1418,1418.0
300,E01007406,0.0,1720,1720.0
301,E01007408,0.0,1516,1516.0
302,E01007409,0.0,1458,1458.0
303,E01007410,0.0,1631,1631.0
304,E01007411,0.0,1191,1191.0
305,E01007413,0.0,1349,1349.0
306,E01007414,0.0,1638,1638.0
307,E01007415,0.0,1495,1495.0
308,E01007416,0.0,1194,1194.0
309,E01007417,0.0,1591,1591.0
310,E01007418,0.0,1279,1279.0
311,E01007419,0.0,1721,1721.0
312,E01007420,0.0,1432,1432.0
313,E01007422,0.0,1571,1571.0
314,E01007423,0.0,1655,1655.0
315,E01007424,0.0,1671,1671.0
316,E01007425,0.0,1470,1470.0
317,E01007426,0.0,1558,1558.0
318,E01007427,0.0,1554,1554.0
319,E01007428,0.0,1445,1445.0
320,E01007429,0.0,1422,1422.0
321,E01007430,0.0,2277,2277.0
322,E01007431,0.0,1363,1363.0
323,E01007432,0.0,1431,1431.0
324,E01007433,0.0,1615,1615.0
325,E01007434,0.0,1933,1933.0
326,E01007435,0.0,1579,1579.0
327,E01007436,0.0,1267,1267.0
328,E01007437,0.0,1476,1476.0
329,E01007438,0.0,1557,1557.0
330,E01007439,0.0,1210,1210.0
331,E01007440,0.0,1520,1520.0
332,E01007441,0.0,1537,1537.0
333,E01007442,0.0,1377,1377.0
334,E01007443,0.0,2000,2000.0
335,E01007444,0.0,1550,1550.0
336,E01007445,0.0,1451,1451.0
337,E01007446,0.0,1335,1335.0
338,E01007447,0.0,1544,1544.0
339,E01007448,0.0,1594,1594.0
340,E01007449,0.0,1770,1770.0
341,E01007450,0.0,1516,1516.0
342,E01007451,0.0,1712,1712.0
343,E01007452,0.0,1555,1555.0
344,E01007453,0.0,1558,1558.0
345,E01007455,0.0,1358,1358.0
346,E01007456,0.0,1756,1756.0
347,E01007457,0.0,1648,1648.0
348,E01007458,0.0,1455,1455.0
349,E01007459,0.0,1509,1509.0
350,E01007460,0.0,1437,1437.0
351,E01007461,0.0,1647,1647.0
352,E01007462,0.0,1602,1602.0
353,E01007463,0.0,1766,1766.0
354,E01007464,0.0,1497,1497.0
355,E01007465,0.0,1483,1483.0
356,E01007466,0.0,1755,1755.0
357,E01007467,0.0,1553,1553.0
358,E01007468,0.0,1296,1296.0
359,E01007469,0.0,1355,1355.0
360,E01007470,0.0,1428,1428.0
361,E01007471,0.0,1542,1542.0
362,E01007472,0.0,1624,1624.0
363,E01007473,0.0,1457,1457.0
364,E01007474,0.0,1325,1325.0
365,E01007475,0.0,1549,1549.0
366,E01007476,0.0,1457,1457.0
367,E01007477,0.0,1431,1431.0
368,E01007478,0.0,1532,1532.0
369,E01007479,0.0,1593,1593.0
370,E01007480,0.0,1509,1509.0
371,E01007482,0.0,1374,1374.0
372,E01007483,0.0,1381,1381.0
373,E01007484,0.0,1445,1445.0
374,E01007485,0.0,1435,1435.0
375,E01007486,0.0,1317,1317.0
376,E01007487,0.0,1615,1615.0
377,E01007488,0.0,1738,1738.0
378,E01007489,0.0,1721,1721.0
379,E01007490,0.0,1565,1565.0
380,E01007491,0.0,1754,1754.0
381,E01007492,0.0,1496,1496.0
382,E01007493,0.0,1784,1784.0
383,E01007494,0.0,1529,1529.0
384,E01007495,0.0,1857,1857.0
385,E01007496,0.0,1622,1622.0
386,E01007497,0.0,1376,1376.0
387,E01007498,0.0,1580,1580.0
388,E01007499,0.0,1501,1501.0
389,E01007500,0.0,1308,1308.0
390,E01007501,0.0,1456,1456.0
391,E01007502,0.0,2750,2750.0
392,E01007503,0.0,1620,1620.0
393,E01007504,0.0,1532,1532.0
394,E01007505,0.0,1673,1673.0
395,E01007506,0.0,1441,1441.0
396,E01007507,0.0,1375,1375.0
397,E01007508,0.0,1664,1664.0
398,E01007509,0.0,1760,1760.0
399,E01007510,0.0,1568,1568.0
400,E01007511,0.0,1576,1576.0
401,E01007512,0.0,1671,1671.0
402,E01007513,0.0,1435,1435.0
403,E01007514,0.0,1465,1465.0
404,E01007515,0.0,1570,1570.0
405,E01007516,0.0,1336,1336.0
406,E01007517,0.0,1553,1553.0
407,E01007518,0.0,1489,1489.0
408,E01007519,0.0,1298,1298.0
409,E01007520,0.0,1418,1418.0
410,E01007521,0.0,1491,1491.0
411,E01007522,0.0,1550,1550.0
412,E01007523,0.0,1486,1486.0
413,E01007524,0.0,1581,1581.0
414,E01007525,0.0,1532,1532.0
415,E01007526,0.0,1633,1633.0
416,E01007527,0.0,2325,2325.0
417,E01007528,0.0,1392,1392.0
418,E01007529,0.0,2047,2047.0
419,E01007530,0.0,1206,1206.0
420,E01007531,0.0,1625,1625.0
421,E01007532,0.0,1774,1774.0
422,E01007533,0.0,1419,1419.0
423,E01007534,0.0,2022,2022.0
424,E01007535,0.0,1596,1596.0
425,E01007536,0.0,1971,1971.0
426,E01007537,0.0,1733,1733.0
427,E01007538,0.0,1530,1530.0
428,E01007539,0.0,1443,1443.0
429,E01007540,0.0,1633,1633.0
430,E01007541,0.0,1520,1520.0
431,E01007542,0.0,1778,1778.0
432,E01007543,0.0,1500,1500.0
433,E01007544,0.0,1752,1752.0
434,E01007545,0.0,1484,1484.0
435,E01007546,0.0,1428,1428.0
436,E01007547,0.0,1529,1529.0
437,E01007548,0.0,1103,1103.0
438,E01007549,0.0,1455,1455.0
439,E01007550,0.0,1665,1665.0
440,E01007551,0.0,1671,1671.0
441,E01007552,0.0,1408,1408.0
442,E01007553,0.0,1693,1693.0
443,E01007554,0.0,1594,1594.0
444,E01007555,0.0,1464,1464.0
445,E01007556,0.0,1364,1364.0
446,E01007557,0.0,2784,2784.0
447,E01007558,0.0,1453,1453.0
448,E01007559,0.0,1162,1162.0
449,E01007560,0.0,1523,1523.0
450,E01007561,0.0,1472,1472.0
451,E01007562,0.0,1362,1362.0
452,E01007563,0.0,1455,1455.0
453,E01007564,0.0,1536,1536.0
454,E01007565,0.0,1527,1527.0
455,E01007566,0.0,1626,1626.0
456,E01007567,0.0,1342,1342.0
457,E01007568,0.0,1662,1662.0
458,E01007569,0.0,1601,1601.0
459,E01007570,0.0,1482,1482.0
460,E01007571,0.0,1610,1610.0
461,E01007572,0.0,1416,1416.0
462,E01007573,0.0,1546,1546.0
463,E01007574,0.0,1577,1577.0
464,E01007575,0.0,1408,1408.0
465,E01007576,0.0,1518,1518.0
466,E01007577,0.0,1540,1540.0
467,E01007578,0.0,1616,1616.0
468,E01007579,0.0,1504,1504.0
469,E01007580,0.0,1378,1378.0
470,E01007581,0.0,1559,1559.0
471,E01007582,0.0,1457,1457.0
472,E01007583,0.0,1455,1455.0
473,E01007584,0.0,1548,1548.0
474,E01007585,0.0,1606,1606.0
475,E01007586,0.0,1522,1522.0
476,E01007587,0.0,1542,1542.0
477,E01007588,0.0,1692,1692.0
478,E01007589,0.0,1712,1712.0
479,E01007590,0.0,1215,1215.0
480,E01007591,0.0,1452,1452.0
481,E01007592,0.0,1652,1652.0
482,E01007593,0.0,1306,1306.0
483,E01007594,0.0,2036,2036.0
484,E01007595,0.0,1528,1528.0
485,E01007596,0.0,1246,1246.0
486,E01007597,0.0,1568,1568.0
487,E01007598,0.0,1534,1534.0
488,E01007599,0.0,1763,1763.0
489,E01007600,0.0,1434,1434.0
490,E01007601,0.0,1367,1367.0
491,E01007602,0.0,1500,1500.0
492,E01007603,0.0,1484,1484.0
493,E01007604,0.0,1431,1431.0
494,E01007605,0.0,1543,1543.0
495,E01007606,0.0,1536,1536.0
496,E01007607,0.0,1444,1444.0
497,E01007608,0.0,1707,1707.0
498,E01007609,0.0,2310,2310.0
499,E01007610,0.0,1799,1799.0
500,E01007611,0.0,1293,1293.0
501,E01007612,0.0,1378,1378.0
502,E01007613,0.0,1579,1579.0
503,E01007614,0.0,1353,1353.0
504,E01007615,0.0,1258,1258.0
505,E01007616,0.0,1239,1239.0
506,E01007617,0.0,1511,1511.0
507,E01007618,0.0,1267,1267.0
508,E01007619,0.0,1810,1810.0
509,E01007620,0.0,1606,1606.0
510,E01007621,0.0,1410,1410.0
511,E01007622,0.0,1515,1515.0
512,E01007623,0.0,1224,1224.0
513,E01007624,0.0,1864,1864.0
514,E01007625,0.0,1537,1537.0
515,E01007626,0.0,1226,1226.0
516,E01007627,0.0,1671,1671.0
517,E01007628,0.0,1439,1439.0
518,E01007629,0.0,1606,1606.0
519,E01007630,0.0,1358,1358.0
520,E01007631,0.0,1221,1221.0
521,E01007632,0.0,1617,1617.0
522,E01007633,0.0,1355,1355.0
523,E01007634,0.0,1636,1636.0
524,E01007635,0.0,1410,1410.0
525,E01007636,0.0,1521,1521.0
526,E01007637,0.0,1542,1542.0
527,E01007638,0.0,1587,1587.0
528,E01007639,0.0,1894,1894.0
529,E01007640,0.0,1616,1616.0
530,E01007641,0.0,1512,1512.0
531,E01007642,0.0,1605,1605.0
532,E01007643,0.0,1665,1665.0
533,E01007644,0.0,1549,1549.0
534,E01007645,0.0,2072,2072.0
535,E01007646,0.0,1463,1463.0
536,E01007647,0.0,1503,1503.0
537,E01007648,0.0,1884,1884.0
538,E01007649,0.0,1549,1549.0
539,E01007650,0.0,1649,1649.0
540,E01007651,0.0,1830,1830.0
541,E01007652,0.0,1889,1889.0
542,E01007653,0.0,1579,1579.0
543,E01007654,0.0,1539,1539.0
544,E01007655,0.0,1893,1893.0
545,E01007656,0.0,1589,1589.0
546,E01007657,0.0,1447,1447.0
547,E01007658,0.0,1391,1391.0
548,E01007659,0.0,1148,1148.0
549,E01007660,0.0,1227,1227.0
550,E01007661,0.0,1401,1401.0
551,E01007662,0.0,1035,1035.0
552,E01007663,0.0,1460,1460.0
553,E01007664,0.0,1854,1854.0
554,E01007665,0.0,1820,1820.0
555,E01007666,0.0,1357,1357.0
556,E01007667,0.0,1359,1359.0
557,E01007668,0.0,1571,1571.0
558,E01007669,0.0,1504,1504.0
559,E01007670,0.0,1449,1449.0
560,E01007671,0.0,2117,2117.0
561,E01007672,0.0,1433,1433.0
562,E01007673,0.0,1496,1496.0
563,E01007674,0.0,1939,1939.0
564,E01007675,0.0,1854,1854.0
565,E01007676,0.0,1629,1629.0
566,E01007677,0.0,1467,1467.0
567,E01007678,0.0,1597,1597.0
568,E01007679,0.0,1854,1854.0
569,E01007680,0.0,1882,1882.0
570,E01007681,0.0,1331,1331.0
571,E01007682,0.0,1440,1440.0
572,E01007683,0.0,1433,1433.0
573,E01007684,0.0,1627,1627.0
574,E01007685,0.0,1437,1437.0
575,E01007686,0.0,1417,1417.0
576,E01007687,0.0,1452,1452.0
577,E01007688,0.0,1429,1429.0
578,E01007689,0.0,1537,1537.0
579,E01007690,0.0,1644,1644.0
580,E01007691,0.0,2045,2045.0
581,E01007692,0.0,1519,1519.0
582,E01007693,0.0,2148,2148.0
583,E01007694,0.0,1758,1758.0
584,E01007695,0.0,2461,2461.0
585,E01007696,0.0,1478,1478.0
586,E01007697,0.0,1577,1577.0
587,E01007698,0.0,1517,1517.0
588,E01007699,0.0,1826,1826.0
589,E01007700,0.0,1813,1813.0
590,E01007701,0.0,1658,1658.0
591,E01007702,0.0,1595,1595.0
592,E01007703,0.0,1237,1237.0
593,E01007704,0.0,1450,1450.0
594,E01007705,0.0,1522,1522.0
595,E01007706,0.0,1458,1458.0
596,E01007707,0.0,1527,1527.0
597,E01007708,0.0,1672,1672.0
598,E01007709,0.0,1456,1456.0
599,E01007710,0.0,1564,1564.0
600,E01007711,0.0,1799,1799.0
601,E01007712,0.0,1965,1965.0
602,E01007713,0.0,1625,1625.0
603,E01007714,0.0,2022,2022.0
604,E01007715,0.0,1797,1797.0
605,E01007716,0.0,1911,1911.0
606,E01007717,0.0,1898,1898.0
607,E01007718,0.0,1489,1489.0
608,E01007719,0.0,1247,1247.0
609,E01007720,0.0,1504,1504.0
610,E01007721,0.0,1575,1575.0
611,E01007723,0.0,1379,1379.0
612,E01007724,0.0,1372,1372.0
613,E01007725,0.0,1332,1332.0
614,E01007726,0.0,1600,1600.0
615,E01007727,0.0,1498,1498.0
616,E01007728,0.0,1116,1116.0
617,E01007729,0.0,1620,1620.0
618,E01007730,0.0,1417,1417.0
619,E01007731,0.0,1238,1238.0
620,E01007732,0.0,1415,1415.0
621,E01007733,0.0,1323,1323.0
622,E01007734,0.0,1766,1766.0
623,E01007735,0.0,1427,1427.0
624,E01007736,0.0,1618,1618.0
625,E01007737,0.0,1583,1583.0
626,E01007738,0.0,1516,1516.0
627,E01007739,0.0,1587,1587.0
628,E01007740,0.0,1533,1533.0
629,E01007741,0.0,1527,1527.0
630,E01007742,0.0,1421,1421.0
631,E01007743,0.0,1302,1302.0
632,E01007744,0.0,1556,1556.0
633,E01007745,0.0,1551,1551.0
634,E01007746,0.0,1542,1542.0
635,E01007747,0.0,1295,1295.0
636,E01007748,0.0,1444,1444.0
637,E01007749,0.0,1804,1804.0
638,E01007750,0.0,1521,1521.0
639,E01007751,0.0,1962,1962.0
640,E01007752,0.0,1487,1487.0
641,E01007753,0.0,1545,1545.0
642,E01007754,0.0,1409,1409.0
643,E01007755,0.0,1386,1386.0
644,E01007756,0.0,1446,1446.0
645,E01007757,0.0,1669,1669.0
646,E01007758,0.0,1336,1336.0
647,E01007759,0.0,1473,1473.0
648,E01007760,0.0,1784,1784.0
649,E01007761,0.0,1616,1616.0
650,E01007762,0.0,1471,1471.0
651,E01007763,0.0,1561,1561.0
652,E01007764,0.0,1705,1705.0
653,E01007765,0.0,1518,1518.0
654,E01007766,0.0,1468,1468.0
655,E01007767,0.0,1663,1663.0
656,E01007768,0.0,1936,1936.0
657,E01007769,0.0,1728,1728.0
658,E01007770,0.0,1759,1759.0
659,E01007771,0.0,1421,1421.0
660,E01007772,0.0,1329,1329.0
661,E01007773,0.0,1412,1412.0
662,E01007774,0.0,1503,1503.0
663,E01007775,0.0,1341,1341.0
664,E01007776,0.0,1487,1487.0
665,E01007777,0.0,1616,1616.0
666,E01007778,0.0,1526,1526.0
667,E01007779,0.0,1257,1257.0
668,E01007780,0.0,1414,1414.0
669,E01007781,0.0,1524,1524.0
670,E01007782,0.0,1495,1495.0
671,E01007783,0.0,1674,1674.0
672,E01007784,0.0,1761,1761.0
673,E01007785,0.0,1351,1351.0
674,E01007786,0.0,1208,1208.0
675,E01007787,0.0,2769,2769.0
676,E01007788,0.0,1501,1501.0
677,E01007789,0.0,1617,1617.0
678,E01007790,0.0,1485,1485.0
679,E01007791,0.0,1371,1371.0
680,E01007792,0.0,1347,1347.0
681,E01007793,0.0,1366,1366.0
682,E01007794,0.0,1433,1433.0
683,E01007795,0.0,1439,1439.0
684,E01007796,0.0,1156,1156.0
685,E01007797,0.0,1362,1362.0
686,E01007798,0.0,1261,1261.0
687,E01007799,0.0,1414,1414.0
688,E01007800,0.0,1474,1474.0
689,E01007801,0.0,1491,1491.0
690,E01007802,0.0,1330,1330.0
691,E01007803,0.0,1337,1337.0
692,E01007804,0.0,1436,1436.0
693,E01007805,0.0,1430,1430.0
694,E01007806,0.0,1304,1304.0
695,E01007807,0.0,1448,1448.0
696,E01007808,0.0,1469,1469.0
697,E01007809,0.0,1553,1553.0
698,E01007810,0.0,1958,1958.0
699,E01007811,0.0,1358,1358.0
700,E01007812,0.0,1241,1241.0
701,E01007813,0.0,1331,1331.0
702,E01007814,0.0,1112,1112.0
703,E01007815,0.0,1715,1715.0
704,E01007816,0.0,1672,1672.0
705,E01007817,0.0,1421,1421.0
706,E01007818,0.0,1594,1594.0
707,E01007819,0.0,1481,1481.0
708,E01007820,0.0,1483,1483.0
709,E01007821,0.0,1608,1608.0
710,E01007822,0.0,1540,1540.0
711,E01007823,0.0,1658,1658.0
712,E01007824,0.0,1393,1393.0
713,E01007825,0.0,1457,1457.0
714,E01007833,0.0,1648,1648.0
715,E01007835,0.0,1442,1442.0
716,E01007836,0.0,1631,1631.0
717,E01007839,0.0,1635,1635.0
718,E01007841,0.0,1665,1665.0
719,E01007843,0.0,1600,1600.0
720,E01007846,0.0,1494,1494.0
721,E01007851,0.0,1483,1483.0
722,E01007853,0.0,1568,1568.0
723,E01007855,0.0,2035,2035.0
724,E01007856,0.0,1317,1317.0
725,E01007857,0.0,1557,1557.0
726,E01007863,0.0,1865,1865.0
727,E01007865,0.0,1682,1682.0
728,E01007874,0.0,1862,1862.0
729,E01007887,0.0,1362,1362.0
730,E01007888,0.0,1379,1379.0
731,E01007891,0.0,1551,1551.0
732,E01007892,0.0,1466,1466.0
733,E01007893,0.0,1491,1491.0
734,E01007896,0.0,1280,1280.0
735,E01007897,0.0,1386,1386.0
736,E01007898,0.0,1470,1470.0
737,E01007901,0.0,1481,1481.0
738,E01007910,0.0,1638,1638.0
739,E01007912,0.0,1516,1516.0
740,E01007915,0.0,1415,1415.0
741,E01007917,0.0,1460,1460.0
742,E01007918,0.0,1635,1635.0
743,E01007919,0.0,1603,1603.0
744,E01007922,0.0,1406,1406.0
745,E01007923,0.0,1802,1802.0
746,E01007924,0.0,1543,1543.0
747,E01007931,0.0,1604,1604.0
748,E01007934,0.0,1468,1468.0
749,E01007935,0.0,1419,1419.0
750,E01007938,0.0,1509,1509.0
751,E01007940,0.0,1693,1693.0
752,E01007941,0.0,1623,1623.0
753,E01007942,0.0,1862,1862.0
754,E01007943,0.0,1748,1748.0
755,E01007945,0.0,1780,1780.0
756,E01007946,0.0,1585,1585.0
757,E01007947,0.0,1626,1626.0
758,E01007948,0.0,1757,1757.0
759,E01007949,0.0,1592,1592.0
760,E01007950,0.0,1529,1529.0
761,E01007951,0.0,1585,1585.0
762,E01007952,0.0,1569,1569.0
763,E01007953,0.0,1565,1565.0
764,E01007955,0.0,1371,1371.0
765,E01007957,0.0,1629,1629.0
766,E01007960,0.0,1580,1580.0
767,E01007962,0.0,1465,1465.0
768,E01007966,0.0,1551,1551.0
769,E01007967,0.0,1668,1668.0
770,E01007969,0.0,1557,1557.0
771,E01007972,0.0,1473,1473.0
772,E01007973,0.0,1523,1523.0
773,E01007977,0.0,1496,1496.0
774,E01007979,0.0,1634,1634.0
775,E01007980,0.0,1544,1544.0
776,E01007981,0.0,1448,1448.0
777,E01007984,0.0,1435,1435.0
778,E01007985,0.0,1555,1555.0
779,E01007986,0.0,1369,1369.0
780,E01007987,0.0,1468,1468.0
781,E01007990,0.0,1485,1485.0
782,E01007993,0.0,1682,1682.0
783,E01007994,0.0,1435,1435.0
784,E01007996,0.0,1552,1552.0
785,E01007997,0.0,1479,1479.0
786,E01007999,0.0,1349,1349.0
787,E01008002,0.0,1565,1565.0
788,E01008003,0.0,1410,1410.0
789,E01008004,0.0,1606,1606.0
790,E01008005,0.0,1546,1546.0
791,E01008006,0.0,1362,1362.0
792,E01008007,0.0,1698,1698.0
793,E01008009,0.0,1547,1547.0
794,E01008010,0.0,1454,1454.0
795,E01008015,0.0,1608,1608.0
796,E01008016,0.0,1492,1492.0
797,E01008017,0.0,1588,1588.0
798,E01008020,0.0,1434,1434.0
799,E01008022,0.0,1513,1513.0
800,E01008023,0.0,2110,2110.0
801,E01008027,0.0,1532,1532.0
802,E01008029,0.0,1496,1496.0
803,E01008030,0.0,1456,1456.0
804,E01008032,0.0,1407,1407.0
805,E01008033,0.0,1290,1290.0
806,E01008035,0.0,1195,1195.0
807,E01008036,0.0,1427,1427.0
808,E01008037,0.0,1392,1392.0
809,E01008038,0.0,1535,1535.0
810,E01008039,0.0,1312,1312.0
811,E01008040,0.0,1704,1704.0
812,E01008045,0.0,1393,1393.0
813,E01008054,0.0,1324,1324.0
814,E01008055,0.0,1485,1485.0
815,E01008056,0.0,1497,1497.0
816,E01008057,0.0,1489,1489.0
817,E01008059,0.0,1512,1512.0
818,E01008060,0.0,1386,1386.0
819,E01008062,0.0,1693,1693.0
820,E01008063,0.0,1541,1541.0
821,E01008069,0.0,1617,1617.0
822,E01008076,0.0,1352,1352.0
823,E01008077,0.0,1461,1461.0
824,E01008079,0.0,1235,1235.0
825,E01008081,0.0,1481,1481.0
826,E01008082,0.0,1488,1488.0
827,E01008084,0.0,1644,1644.0
828,E01008086,0.0,1349,1349.0
829,E01008092,0.0,1427,1427.0
830,E01008099,0.0,1598,1598.0
831,E01008101,0.0,1763,1763.0
832,E01008102,0.0,1115,1115.0
833,E01008107,0.0,1527,1527.0
834,E01008113,0.0,1732,1732.0
835,E01008117,0.0,1221,1221.0
836,E01008124,0.0,1499,1499.0
837,E01008125,0.0,1481,1481.0
838,E01008138,0.0,1302,1302.0
839,E01008140,0.0,1806,1806.0
840,E01008142,0.0,1478,1478.0
841,E01008146,0.0,1334,1334.0
842,E01008155,0.0,1546,1546.0
843,E01008160,0.0,1399,1399.0
844,E01032550,0.0,2841,2841.0
845,E01032551,0.0,2567,2567.0
846,E01032585,0.0,1409,1409.0
847,E01032924,0.0,1562,1562.0
848,E01032925,0.0,1390,1390.0
849,E01032926,0.0,1773,1773.0
850,E01032927,0.0,1505,1505.0
851,E01033259,0.0,1599,1599.0
852,E01033260,0.0,1611,1611.0
